<?xml version="1.0" encoding="UTF-8"?>
<templates id="template" xml:space="preserve">
    <t t-name='trailbalanceWidget'>         
        <div class="modal-body1 greyback" id="divtitle">
        <table>
          <tr>
          <td style="width:8%">
          </td>
            <td class="nowrap hidediv" style="width:8%">
              <p>Chart of Account&#160;&#160; </p>
            </td>
            <td class="hidediv">
              <p> : </p>
            </td>
            <td class="hidediv">
	      <select id="chart_account_id" class="form-control wrapper-dropdown">
		    <option class="js_loc_option" value="-1"><i>Select ...</i></option>
		</select>
            </td>
            <td class="nowrap hidediv" style="width:4%">
              <p>Filter by &#160;</p>
            </td>
            <td class="hidediv">
              <p> : </p>
            </td>
            <td style="width:10%" class="hidediv">              
	      <select id="filter_select" class="form-control wrapper-dropdown">
		    <option class="js_loc_option" value="-1"><i>Select Filter ...</i></option>
		    <option class="js_loc_option" value="filter_date">Date</option>
		    <option class="js_loc_option" value="filter_period">Periods</option>
		</select>
            </td>             
            <td class="nowrap" style="width:6%" id="daterangetd1">
              <p>&#160;&#160;Date Range </p>
            </td>
            <td id="daterangetd2">
              <p> : </p>
            </td>
            <td id="daterangetd3" style="width:10%">
              <input id="daterange" name="daterange"/>
              <input type="text" id="datepicker_from" class="datepicker hidediv" size="10" style="border:0.5px solid skyblue;border-radius: 4px;height:35px"/>
            </td> 
            <td class="nowrap hidediv" style="width:4%" id="periodfromtd1">
              <p>&#160;&#160;Period From </p>
            </td>
            <td class="hidediv" id="periodfromtd2">
              <p> : </p>
            </td>
            <td class="hidediv" id="periodfromtd3" style="width:14%">
              <select id="periodfrom" class="form-control wrapper-dropdown">
		    <option class="js_loc_option" value="-1"><i>Select ...</i></option>
		</select>
            </td> 
            <td class="nowrap hidediv" style="width:4%">
              <p>Date To </p>
            </td>
            <td class="nowrap hidediv" style="width:4%" id="periodtotd1">
              <p>&#160;&#160;Period To </p>
            </td>
            <td class="hidediv" id="periodtotd2">
              <p> : </p>
            </td>
            <td class="hidediv" id="periodtotd3" style="width:14%">
              <select id="periodto" class="form-control wrapper-dropdown">
		    <option class="js_loc_option" value="-1"><i>Select ...</i></option>
		</select>
            </td> 
            <td class="nowrap hidediv" style="width:4%">
              <p>Date To </p>
            </td>
            <td class="hidediv">
              <p> : </p>
            </td>
            <td>
              <input type="text" id="datepicker_to" class="datepicker hidediv" size="10" style="border:0.5px solid skyblue;border-radius: 4px;height:35px"/>              
            </td>
            <td class="nowrap" style="width:4%">
              <p>Target Moves &#160;</p>
            </td>
            <td>
              <p> : </p>
            </td>
            <td style="width:15%">              
	      <select id="targetmove_select" class="form-control wrapper-dropdown">
		    <option class="js_loc_option" value="-1"><i>Select ...</i></option>
		    <option class="js_loc_option" value="posted">All Posted Entries</option>
		    <option class="js_loc_option" value="all">All Entries</option>
		</select>
            </td> 
            <td class="nowrap" style="width:4%">
              <p> &#160;Display Accounts &#160;</p>
            </td>
            <td>
              <p> : </p>
            </td>
            <td style="width:15%">              
	      <select id="display_account_select" class="form-control wrapper-dropdown">
		    <option class="js_loc_option" value="-1"><i>Select ...</i></option>
		    <option class="js_loc_option" value="all">All</option>
		    <option class="js_loc_option" value="movement">With movements</option>
		    <option class="js_loc_option" value="not_zero">With balance is not equal to 0</option>
		</select>
            </td>  
            <td style="width:1%">
            </td>                   
            <td>
            <button id="btnsubmit" name="btnsubmit" class="button_highlight">Apply</button>
            </td> 
            <td style="width:1%">
            </td>
            <td style="width:20%">
            <button id="btnprint" name="btnprint" class="button_highlight hidediv">Print</button> 
            <button id="btnexport" name="btnexport" class="button_highlight hidediv">Export</button> 
          </td>              
          </tr>          
        </table>
        </div>        
        <div id="maindiv" name="maindiv" width="100%" class="noborder">
                    <h4><b><p id="companyid" width="100%" class="hidediv" style="text-align:center"></p></b></h4>
                    <h4><b><p id="titleid" width="100%" class="hidediv" style="text-align:center"><t t-esc="widget.get_title()"/></p></b></h4>
                    <h4><b><p id="filterid" width="100%" class="hidediv" style="text-align:center"></p></b></h4>                    
                    <table id="maintbl">
            <tr>
            <td style="width:2%;">             
            </td>
            <td style="width:95%;">  
            <h4><b><table class="hidediv" id="tblTitles" border="0"><tr><td style="text-align:center;">Account</td><td style="text-align:right;width:150px;">Debit</td><td style="text-align:right;width:150px;">Credit</td><td colspan="2" style="text-align:center;width:300px;">Balance</td></tr><tr><td style="text-align:center;border-bottom: 1px solid black;">&#160;</td><td style="text-align:right;border-bottom: 1px solid black;width:150px;">&#160;</td><td style="text-align:right;border-bottom: 1px solid black;width:150px;">&#160;</td><td style="text-align:right;border-bottom: 1px solid black;width:150px;">Debit</td><td style="text-align:right;border-bottom: 1px solid black;width:150px;">Credit</td></tr></table></b></h4>           
            </td>   
           <td style="width:2%;">
           </td> 
            </tr>
        <tr>
        <td style="width:2%;">             
        </td>
        <td id="maintd" class="tree">        
        </td>
        <td style="width:2%;">
        </td>
        </tr>
        </table>
        </div>
        <div id="editor"></div>
    </t>  
    
</templates>
  
