<?xml version="1.0" encoding="utf-8"?>
<openerp>
    <data>
        <record id="paperformat_profitloss" model="report.paperformat">
            <field name="name">Profit and Loss Details</field>
            <field name="default" eval="True"/>
            <field name="format">custom</field>
            <field name="page_height">297</field>
            <field name="page_width">210</field>
            <field name="orientation">Portrait</field>
            <field name="margin_top">10</field>
            <field name="margin_bottom">6</field>
            <field name="margin_left">3</field>
            <field name="margin_right">3</field>
            <field name="header_line" eval="False" />
            <field name="header_spacing">3</field>
            <field name="dpi">130</field>
        </record>
        <record id="paperformat_trailbalance" model="report.paperformat">
            <field name="name">Trail Balance Details</field>
            <field name="default" eval="True"/>
            <field name="format">custom</field>
            <field name="page_height">297</field>
            <field name="page_width">210</field>
            <field name="orientation">Portrait</field>
            <field name="margin_top">10</field>
            <field name="margin_bottom">6</field>
            <field name="margin_left">3</field>
            <field name="margin_right">3</field>
            <field name="header_line" eval="False" />
            <field name="header_spacing">0</field>
            <field name="dpi">130</field>
        </record>
        <record id="paperformat_cashflow_statement" model="report.paperformat">
            <field name="name">Cashflow statement Details</field>
            <field name="default" eval="True"/>
            <field name="format">custom</field>
            <field name="page_height">297</field>
            <field name="page_width">210</field>
            <field name="orientation">Portrait</field>
            <field name="margin_top">10</field>
            <field name="margin_bottom">6</field>
            <field name="margin_left">3</field>
            <field name="margin_right">3</field>
            <field name="header_line" eval="False" />
            <field name="header_spacing">0</field>
            <field name="dpi">130</field>
        </record>
    </data>
</openerp>
