<openerp>
    <data>
        <record id="view_stock_config_settings_inherit" model="ir.ui.view">
            <field name="name">stock.config.settings.inherit</field>
            <field name="model">stock.config.settings</field>
            <field name="inherit_id" ref="stock.view_stock_config_settings"/>
            <field name="arch" type="xml">
                <xpath expr="//group[@name='traceability']" position="after">
                    <separator string="Accounting"/>
                    <group>
                        <label for="id" string="Accounting"/>
                        <div>
                            <div>
                                <field name="group_stock_inventory_valuation" class="oe_inline"/>
                                <label for="group_stock_inventory_valuation"/>
                            </div>
                            <div>
                                <field name="module_stock_invoice_directly" class="oe_inline"/>
                                <label for="module_stock_invoice_directly"/>
                            </div>
                            <div>
                                <field name="module_stock_landed_costs" on_change="onchange_landed_costs(module_stock_landed_costs)" class="oe_inline"/>
                                <label for="module_stock_landed_costs"/>
                            </div>
                         </div>
                    </group>
                </xpath>
            </field>
        </record>
    </data>
</openerp>
